{
  "price_tiers": {
    "low": {
      "min": 0,
      "max": 7.99,
      "weight": 0.35,
      "avg_quantity": 9.201,
      "std_quantity": 5.5206,
      "max_quantity": 27.603,
      "sample_size": 31
    },
    "medium": {
      "min": 7.99,
      "max": 16.99,
      "weight": 0.45,
      "avg_quantity": 8.301,
      "std_quantity": 4.9806,
      "max_quantity": 24.903,
      "sample_size": 28
    },
    "high": {
      "min": 16.99,
      "max": 37.99,
      "weight": 0.15,
      "avg_quantity": 6.201,
      "std_quantity": 3.7205999999999997,
      "max_quantity": 18.602999999999998,
      "sample_size": 29
    },
    "premium": {
      "min": 37.99,
      "max": 502.85,
      "weight": 0.05,
      "avg_quantity": 1,
      "std_quantity": 0.6,
      "max_quantity": 3,
      "sample_size": 27
    }
  },
  "rating_tiers": {
    "excellent": {
      "min": 4.5,
      "max": 5.0,
      "weight": 0.47619047619047616
    },
    "good": {
      "min": 4.0,
      "max": 4.4,
      "weight": 0.41904761904761906
    },
    "average": {
      "min": 3.5,
      "max": 3.9,
      "weight": 0.09523809523809523
    },
    "poor": {
      "min": 1.0,
      "max": 3.4,
      "weight": 0.009523809523809525
    }
  },
  "review_tiers": {
    "niche": {
      "max": 401.0,
      "weight": 0.6,
      "order_multiplier": 1.0
    },
    "popular": {
      "min": 401.0,
      "max": 3705.8,
      "weight": 0.3,
      "order_multiplier": 1.5
    },
    "trending": {
      "min": 3705.8,
      "max": 11313.0,
      "weight": 0.09,
      "order_multiplier": 2.5
    },
    "viral": {
      "min": 11313.0,
      "weight": 0.01,
      "order_multiplier": 4.0
    }
  },
  "category_weights": {
    "home": 0.44761904761904764,
    "office": 0.2761904761904762,
    "laptop": 0.09523809523809523,
    "computer": 0.09523809523809523,
    "headphones": 0.0761904761904762,
    "electronics": 0.009523809523809525
  },
  "seasonality": {
    "electronics": {
      "q1": 1.0,
      "q2": 1.1,
      "q3": 0.9,
      "q4": 1.3
    },
    "headphones": {
      "q1": 0.8,
      "q2": 1.2,
      "q3": 1.1,
      "q4": 1.4
    },
    "office": {
      "q1": 1.1,
      "q2": 0.9,
      "q3": 1.0,
      "q4": 1.2
    },
    "home": {
      "q1": 1.0,
      "q2": 1.1,
      "q3": 1.2,
      "q4": 1.0
    },
    "computer": {
      "q1": 0.9,
      "q2": 1.0,
      "q3": 1.1,
      "q4": 1.3
    }
  },
  "temporal_patterns": {
    "monthly": {
      "1": 1.0476190476190477,
      "2": 0.7333333333333334,
      "3": 0.41904761904761906,
      "4": 0.6285714285714286,
      "5": 1.6761904761904762,
      "6": 0.6285714285714286,
      "7": 0.8380952380952381,
      "8": 2.2,
      "9": 1.1523809523809525,
      "10": 1.2571428571428571,
      "11": 0.41904761904761906
    },
    "weekly": {
      "0": 1.8,
      "1": 1.6666666666666667,
      "2": 0.9333333333333333,
      "3": 0.5333333333333333,
      "4": 0.3333333333333333,
      "5": 0.26666666666666666,
      "6": 1.4666666666666666
    }
  },
  "generated_at": "2026-01-04T19:46:00.142102",
  "total_products_analyzed": 105
}